{"initial_reset_timestamp": 1605960186.8237035, "timestamps": [1605960200.4178498, 1605960209.7759795, 1605960210.1295207, 1605960210.1305172, 1605960210.1319194, 1605960210.1326854, 1605960210.1335094, 1605960210.1342633, 1605960214.8405764, 1605960215.1123421, 1605960215.1138535, 1605960215.1151962, 1605960215.1167037, 1605960215.117914, 1605960215.1209567, 1605960215.121461, 1605960215.1232197, 1605960215.1238341, 1605960215.1251853, 1605960215.1263354, 1605960215.1272433, 1605960215.1312258, 1605960215.1323292, 1605960215.132964, 1605960215.1336594, 1605960215.1342773, 1605960215.135234, 1605960218.712687, 1605960218.9074316, 1605960218.9084888, 1605960218.9095318, 1605960218.9112637, 1605960218.9121697, 1605960218.913085, 1605960218.9143069, 1605960218.914922, 1605960218.9159715, 1605960218.9165678, 1605960218.9174867, 1605960218.918548, 1605960218.9193463, 1605960218.9201934, 1605960218.9211473, 1605960218.9221401, 1605960218.9240282, 1605960218.9259794, 1605960218.9269016, 1605960218.9274533, 1605960218.9284136, 1605960218.929666, 1605960218.9303193, 1605960218.9310746, 1605960218.9328516, 1605960218.9337015, 1605960218.9342823, 1605960218.9349985, 1605960218.9359412, 1605960218.9368868, 1605960218.9377162, 1605960218.938845, 1605960218.9394746, 1605960218.9400532, 1605960218.941816, 1605960218.942437, 1605960233.060086, 1605960233.3368683, 1605960233.3378613, 1605960233.3384895, 1605960233.3396072, 1605960233.3409526, 1605960233.3417985, 1605960233.3440015, 1605960233.3452966, 1605960233.3469343, 1605960233.3474271, 1605960233.3490145, 1605960233.3501906, 1605960233.3512352, 1605960233.3526156, 1605960233.3533216, 1605960233.3539798, 1605960233.3544703, 1605960233.3553383, 1605960233.35618, 1605960233.3572338, 1605960233.3581998, 1605960233.3590934, 1605960233.3614745, 1605960233.363212, 1605960233.3638003, 1605960233.3644614, 1605960233.3654945, 1605960233.3669064, 1605960233.3688295, 1605960233.3697941, 1605960233.3719404, 1605960233.3724911, 1605960233.3733034, 1605960233.3741767, 1605960233.374816], "episode_lengths": [17, 37, 35, 16, 24, 13, 14, 13, 21, 29, 26, 23, 28, 22, 59, 8, 26, 10, 25, 21, 16, 78, 20, 10, 13, 12, 19, 24, 21, 17, 18, 32, 16, 16, 22, 9, 19, 10, 16, 19, 14, 15, 17, 18, 28, 37, 16, 9, 17, 23, 11, 13, 33, 17, 11, 14, 19, 19, 16, 23, 12, 11, 38, 12, 59, 11, 16, 10, 20, 25, 15, 39, 23, 31, 8, 30, 22, 19, 18, 13, 13, 9, 18, 17, 22, 20, 18, 53, 37, 11, 13, 21, 30, 42, 20, 47, 10, 18, 20, 14], "episode_rewards": [17.0, 37.0, 35.0, 16.0, 24.0, 13.0, 14.0, 13.0, 21.0, 29.0, 26.0, 23.0, 28.0, 22.0, 59.0, 8.0, 26.0, 10.0, 25.0, 21.0, 16.0, 78.0, 20.0, 10.0, 13.0, 12.0, 19.0, 24.0, 21.0, 17.0, 18.0, 32.0, 16.0, 16.0, 22.0, 9.0, 19.0, 10.0, 16.0, 19.0, 14.0, 15.0, 17.0, 18.0, 28.0, 37.0, 16.0, 9.0, 17.0, 23.0, 11.0, 13.0, 33.0, 17.0, 11.0, 14.0, 19.0, 19.0, 16.0, 23.0, 12.0, 11.0, 38.0, 12.0, 59.0, 11.0, 16.0, 10.0, 20.0, 25.0, 15.0, 39.0, 23.0, 31.0, 8.0, 30.0, 22.0, 19.0, 18.0, 13.0, 13.0, 9.0, 18.0, 17.0, 22.0, 20.0, 18.0, 53.0, 37.0, 11.0, 13.0, 21.0, 30.0, 42.0, 20.0, 47.0, 10.0, 18.0, 20.0, 14.0], "episode_types": ["t", "t", "t", "t", "t", "t", "t", "t", "t", "t", "t", "t", "t", "t", "t", "t", "t", "t", "t", "t", "t", "t", "t", "t", "t", "t", "t", "t", "t", "t", "t", "t", "t", "t", "t", "t", "t", "t", "t", "t", "t", "t", "t", "t", "t", "t", "t", "t", "t", "t", "t", "t", "t", "t", "t", "t", "t", "t", "t", "t", "t", "t", "t", "t", "t", "t", "t", "t", "t", "t", "t", "t", "t", "t", "t", "t", "t", "t", "t", "t", "t", "t", "t", "t", "t", "t", "t", "t", "t", "t", "t", "t", "t", "t", "t", "t", "t", "t", "t", "t"]}