,feat_set,model_name,cv_mean_test_r2,cv_mean_test_mse,cv_mean_test_mae,train_r2,train_mse,train_mae,test_r2,test_mse,test_mae
0,2d,gaussian_process,0.9737547659142415,0.00784121157655882,0.05585686394193525,0.9991246410462642,0.00041017761432623464,0.013561867183479051,0.9920619839357082,0.0034831991708816046,0.04281406481415965
1,2d,ridge,0.976711637230585,0.0068658946715377854,0.05405773982563202,0.9960121774797268,0.001868622604179936,0.029828200857884974,0.9915830269725864,0.0036933653488437045,0.04537433205268403
2,2d,bayesian_ridge,0.975093539547316,0.00718220209457379,0.05366559580169463,0.9963549221928762,0.0017080185363714609,0.028244191138691338,0.9915164006019487,0.0037226009811584587,0.045245300814751054
3,2d,neural_network,0.9643897618195781,0.010763502735308319,0.06491291888526536,0.9988284063035965,0.0005489879383760433,0.013279838829889217,0.9909242248901972,0.003982447513526643,0.0447405394637737
4,2d,kernel_ridge,0.9737877774308723,0.007719150056809285,0.05858892958148898,0.9946553252018289,0.002504419414124072,0.03720071168697705,0.9895900493285136,0.004567883367098647,0.05013066225471622
5,2d,omp,0.915988390553441,0.05456318841541661,0.07979839204893562,0.9940089872307277,0.0028072818751787884,0.03890141803977993,0.9875759259011149,0.005451680149008318,0.05665596823042635
6,2d,ARDR,0.9768020152108896,0.007365979890698234,0.058233186838391515,0.9956341177784181,0.0020457746464294098,0.0333084736007697,0.9874272838796475,0.005516904225369439,0.05395508174501811
7,2d,lasso,0.9768445238778846,0.007806282813055727,0.0679958011159289,0.9901372909868009,0.004621489774637835,0.05504970774042254,0.9856605466109412,0.006292148031842197,0.059934849339599916
8,2d,gradient_boosting_reg,0.9753250946223023,0.011228806044582294,0.06724507406470401,0.998941017812673,0.0004962201909947673,0.01696090993483036,0.9833796381725252,0.007293010000021727,0.05866184166274648
9,2d,SVR,0.9597961927024006,0.011679248602285754,0.07382162083467644,0.9906633762504585,0.004374975590418496,0.056813908872835675,0.9814629443538271,0.00813405469759485,0.07355330728223228
