{"initial_reset_timestamp": 1608301828.3594434, "timestamps": [1608301832.573338, 1608301836.2685492, 1608301836.5540633, 1608301836.7846599, 1608301837.0021656, 1608301837.161057, 1608301837.3194854, 1608301837.4707797, 1608301840.9744592, 1608301841.307814, 1608301841.475103, 1608301841.6422734, 1608301841.8387475, 1608301841.9904501, 1608301842.1414118, 1608301842.292481, 1608301842.4435735, 1608301842.6154358, 1608301842.7770808, 1608301842.9492164, 1608301843.1156123, 1608301843.31006, 1608301843.481737, 1608301843.6327312, 1608301843.7848082, 1608301843.936172, 1608301844.087115, 1608301847.6215332, 1608301847.9405138, 1608301848.139402, 1608301848.2954366, 1608301848.4778924, 1608301848.6308208, 1608301848.7848349, 1608301848.936174, 1608301849.0874999, 1608301849.2391284, 1608301849.444866, 1608301849.6228302, 1608301849.777305, 1608301849.9290102, 1608301850.079976, 1608301850.2391417, 1608301850.3908849, 1608301850.5418234, 1608301850.7205365, 1608301850.8896027, 1608301851.041195, 1608301851.1928391, 1608301851.3457687, 1608301851.501526, 1608301851.6570966, 1608301851.819291, 1608301852.0008485, 1608301852.1566253, 1608301852.3130062, 1608301852.514216, 1608301852.7002015, 1608301852.8780668, 1608301853.0301278, 1608301853.182177, 1608301853.34914, 1608301853.548863, 1608301853.7335887, 1608301857.6200247, 1608301857.9092474, 1608301858.0610695, 1608301858.2127023, 1608301858.4018316, 1608301858.574543, 1608301858.7328176, 1608301858.8901746, 1608301859.041795, 1608301859.1928732, 1608301859.3439953, 1608301859.5019596, 1608301859.6615078, 1608301859.8203394, 1608301859.9764466, 1608301860.128841, 1608301860.2798557, 1608301860.4310796, 1608301860.5824606, 1608301860.7334945, 1608301860.8925653, 1608301861.0547173, 1608301861.208027, 1608301861.360742, 1608301861.5206435, 1608301861.721962, 1608301861.9651852, 1608301862.1172664, 1608301862.2699757, 1608301862.4215124, 1608301862.576999, 1608301862.728755, 1608301862.8844645, 1608301863.0421307, 1608301863.2000833, 1608301863.4023721], "episode_lengths": [200, 200, 200, 200, 200, 200, 200, 200, 200, 200, 200, 200, 200, 200, 200, 200, 200, 200, 200, 200, 200, 200, 200, 200, 200, 200, 200, 200, 200, 200, 200, 200, 200, 200, 200, 200, 200, 200, 200, 200, 200, 200, 200, 200, 200, 200, 200, 200, 200, 200, 200, 200, 200, 200, 200, 200, 200, 200, 200, 200, 200, 200, 200, 200, 200, 200, 200, 200, 200, 200, 200, 200, 200, 200, 200, 200, 200, 200, 200, 200, 200, 200, 200, 200, 200, 200, 200, 200, 200, 200, 200, 200, 200, 200, 200, 200, 200, 200, 200, 200], "episode_rewards": [200.0, 200.0, 200.0, 200.0, 200.0, 200.0, 200.0, 200.0, 200.0, 200.0, 200.0, 200.0, 200.0, 200.0, 200.0, 200.0, 200.0, 200.0, 200.0, 200.0, 200.0, 200.0, 200.0, 200.0, 200.0, 200.0, 200.0, 200.0, 200.0, 200.0, 200.0, 200.0, 200.0, 200.0, 200.0, 200.0, 200.0, 200.0, 200.0, 200.0, 200.0, 200.0, 200.0, 200.0, 200.0, 200.0, 200.0, 200.0, 200.0, 200.0, 200.0, 200.0, 200.0, 200.0, 200.0, 200.0, 200.0, 200.0, 200.0, 200.0, 200.0, 200.0, 200.0, 200.0, 200.0, 200.0, 200.0, 200.0, 200.0, 200.0, 200.0, 200.0, 200.0, 200.0, 200.0, 200.0, 200.0, 200.0, 200.0, 200.0, 200.0, 200.0, 200.0, 200.0, 200.0, 200.0, 200.0, 200.0, 200.0, 200.0, 200.0, 200.0, 200.0, 200.0, 200.0, 200.0, 200.0, 200.0, 200.0, 200.0], "episode_types": ["t", "t", "t", "t", "t", "t", "t", "t", "t", "t", "t", "t", "t", "t", "t", "t", "t", "t", "t", "t", "t", "t", "t", "t", "t", "t", "t", "t", "t", "t", "t", "t", "t", "t", "t", "t", "t", "t", "t", "t", "t", "t", "t", "t", "t", "t", "t", "t", "t", "t", "t", "t", "t", "t", "t", "t", "t", "t", "t", "t", "t", "t", "t", "t", "t", "t", "t", "t", "t", "t", "t", "t", "t", "t", "t", "t", "t", "t", "t", "t", "t", "t", "t", "t", "t", "t", "t", "t", "t", "t", "t", "t", "t", "t", "t", "t", "t", "t", "t", "t"]}