{"initial_reset_timestamp": 1607864973.094706, "timestamps": [1607864977.940077, 1607864981.448359, 1607864981.823593, 1607864982.035702, 1607864982.2282226, 1607864982.4789007, 1607864982.6789124, 1607864982.876531, 1607864986.7245858, 1607864987.0181396, 1607864987.233422, 1607864987.4230528, 1607864987.5816143, 1607864987.740616, 1607864987.899277, 1607864988.0595555, 1607864988.3077896, 1607864988.5043263, 1607864988.7041616, 1607864988.9045537, 1607864989.1082685, 1607864989.307476, 1607864989.5071964, 1607864989.6846955, 1607864989.887569, 1607864990.092302, 1607864990.3121264, 1607864994.1403923, 1607864994.5373185, 1607864994.740138, 1607864994.9377275, 1607864995.1665347, 1607864995.3741257, 1607864995.5823686, 1607864995.7417502, 1607864995.9006243, 1607864996.0596268, 1607864996.3066363, 1607864996.5598056, 1607864996.7612264, 1607864996.9586444, 1607864997.1601932, 1607864997.3626158, 1607864997.5600638, 1607864997.7594585, 1607864997.9977875, 1607864998.1575482, 1607864998.3752813, 1607864998.5521278, 1607864998.7110739, 1607864998.8701422, 1607864999.0672872, 1607864999.248836, 1607864999.4479172, 1607864999.6501672, 1607864999.8537228, 1607865000.0235665, 1607865000.3216476, 1607865000.5032065, 1607865000.6943133, 1607865000.932502, 1607865001.100441, 1607865001.3274086, 1607865001.5124605, 1607865005.1893053, 1607865005.5056124, 1607865005.7131162, 1607865005.9258275, 1607865006.1399238, 1607865006.353306, 1607865006.5135098, 1607865006.6728983, 1607865006.8561475, 1607865007.0644906, 1607865007.2575555, 1607865007.425129, 1607865007.6152656, 1607865007.8863862, 1607865008.097718, 1607865008.2968252, 1607865008.4945867, 1607865008.695331, 1607865008.899532, 1607865009.1081283, 1607865009.3663423, 1607865009.5537267, 1607865009.7552078, 1607865009.9275634, 1607865010.1566577, 1607865010.385553, 1607865010.6219292, 1607865010.782915, 1607865010.9589138, 1607865011.2609997, 1607865011.437789, 1607865011.6321797, 1607865011.7946343, 1607865011.953815, 1607865012.1656363, 1607865012.364818], "episode_lengths": [200, 200, 200, 200, 200, 200, 200, 200, 200, 200, 200, 200, 200, 200, 200, 200, 200, 200, 200, 200, 200, 200, 200, 200, 200, 200, 200, 200, 200, 200, 200, 200, 200, 200, 200, 200, 200, 200, 200, 200, 200, 200, 200, 200, 200, 200, 200, 200, 200, 200, 200, 200, 200, 200, 200, 200, 200, 200, 200, 200, 200, 200, 200, 200, 200, 200, 200, 200, 200, 200, 200, 200, 200, 200, 200, 200, 200, 200, 200, 200, 200, 200, 200, 200, 200, 200, 200, 200, 200, 200, 200, 200, 200, 200, 200, 200, 200, 200, 200, 200], "episode_rewards": [200.0, 200.0, 200.0, 200.0, 200.0, 200.0, 200.0, 200.0, 200.0, 200.0, 200.0, 200.0, 200.0, 200.0, 200.0, 200.0, 200.0, 200.0, 200.0, 200.0, 200.0, 200.0, 200.0, 200.0, 200.0, 200.0, 200.0, 200.0, 200.0, 200.0, 200.0, 200.0, 200.0, 200.0, 200.0, 200.0, 200.0, 200.0, 200.0, 200.0, 200.0, 200.0, 200.0, 200.0, 200.0, 200.0, 200.0, 200.0, 200.0, 200.0, 200.0, 200.0, 200.0, 200.0, 200.0, 200.0, 200.0, 200.0, 200.0, 200.0, 200.0, 200.0, 200.0, 200.0, 200.0, 200.0, 200.0, 200.0, 200.0, 200.0, 200.0, 200.0, 200.0, 200.0, 200.0, 200.0, 200.0, 200.0, 200.0, 200.0, 200.0, 200.0, 200.0, 200.0, 200.0, 200.0, 200.0, 200.0, 200.0, 200.0, 200.0, 200.0, 200.0, 200.0, 200.0, 200.0, 200.0, 200.0, 200.0, 200.0], "episode_types": ["t", "t", "t", "t", "t", "t", "t", "t", "t", "t", "t", "t", "t", "t", "t", "t", "t", "t", "t", "t", "t", "t", "t", "t", "t", "t", "t", "t", "t", "t", "t", "t", "t", "t", "t", "t", "t", "t", "t", "t", "t", "t", "t", "t", "t", "t", "t", "t", "t", "t", "t", "t", "t", "t", "t", "t", "t", "t", "t", "t", "t", "t", "t", "t", "t", "t", "t", "t", "t", "t", "t", "t", "t", "t", "t", "t", "t", "t", "t", "t", "t", "t", "t", "t", "t", "t", "t", "t", "t", "t", "t", "t", "t", "t", "t", "t", "t", "t", "t", "t"]}