,feat_set,test_r2,test_mse,test_mae
0,2d+3d+fp,0.9717894057870364,0.012378800644495752,0.07327237851747374
1,2d,0.9729431678538257,0.01187253018070644,0.07335239941545392
2,3d,0.9535354719867654,0.02038862155736187,0.08990492852333637
3,fp,0.9027553142563556,0.04267094019607861,0.1511236625339638
