{"initial_reset_timestamp": 1608043364.9437075, "timestamps": [1608043371.9592083, 1608043375.2312434, 1608043375.999185, 1608043376.4419913, 1608043377.0036528, 1608043377.7610352, 1608043378.6567957, 1608043379.4132798, 1608043382.1274867, 1608043383.0159538, 1608043383.5931356, 1608043384.658439, 1608043385.1399171, 1608043385.6161072, 1608043386.483765, 1608043387.1500473, 1608043387.885383, 1608043388.3637207, 1608043388.8350468, 1608043389.415769, 1608043390.0240202, 1608043390.7725196, 1608043391.5343595, 1608043391.979312, 1608043392.5442288, 1608043393.2061357, 1608043394.0079772, 1608043396.8188663, 1608043397.3470302, 1608043398.1068978, 1608043398.6788423, 1608043399.4486108, 1608043399.9381988, 1608043400.3977394, 1608043400.9417217, 1608043401.5254173, 1608043402.2539115, 1608043402.734918, 1608043403.1783514, 1608043403.7570117, 1608043404.573029, 1608043405.3092673, 1608043405.8302171, 1608043406.3922334, 1608043407.3996222, 1608043407.98214, 1608043408.808051, 1608043409.3077197, 1608043410.0729284, 1608043410.6325188], "episode_lengths": [154, 199, 131, 122, 152, 154, 199, 131, 122, 152, 154, 199, 131, 122, 152, 154, 199, 131, 122, 152, 154, 199, 131, 122, 152, 154, 199, 131, 122, 152, 154, 199, 131, 122, 152, 154, 199, 131, 122, 152, 154, 199, 131, 122, 152, 154, 199, 131, 122, 152], "episode_rewards": [4.0, 5.0, 3.0, 2.0, 3.0, 4.0, 5.0, 3.0, 2.0, 3.0, 4.0, 5.0, 3.0, 2.0, 3.0, 4.0, 5.0, 3.0, 2.0, 3.0, 4.0, 5.0, 3.0, 2.0, 3.0, 4.0, 5.0, 3.0, 2.0, 3.0, 4.0, 5.0, 3.0, 2.0, 3.0, 4.0, 5.0, 3.0, 2.0, 3.0, 4.0, 5.0, 3.0, 2.0, 3.0, 4.0, 5.0, 3.0, 2.0, 3.0], "episode_types": ["t", "t", "t", "t", "t", "t", "t", "t", "t", "t", "t", "t", "t", "t", "t", "t", "t", "t", "t", "t", "t", "t", "t", "t", "t", "t", "t", "t", "t", "t", "t", "t", "t", "t", "t", "t", "t", "t", "t", "t", "t", "t", "t", "t", "t", "t", "t", "t", "t", "t"]}