{"initial_reset_timestamp": 1606811962.0638077, "timestamps": [1606811966.2950606, 1606811968.6866286, 1606811968.8379622, 1606811968.8942275, 1606811968.9499784, 1606811969.0065303, 1606811969.0512133, 1606811969.1057773, 1606811971.463742, 1606811971.6082582, 1606811971.6578302, 1606811971.7089977, 1606811971.760442, 1606811971.8020535, 1606811971.8533185, 1606811971.9048018, 1606811971.9562726, 1606811972.0080636, 1606811972.0598428, 1606811972.1122139, 1606811972.1640627, 1606811972.2156305, 1606811972.2671201, 1606811972.3053753, 1606811972.356566, 1606811972.408602, 1606811972.497045, 1606811974.708625, 1606811974.8673887, 1606811974.9236276, 1606811974.9792097, 1606811975.034518, 1606811975.0907435, 1606811975.1470087, 1606811975.2030125, 1606811975.259596, 1606811975.3150487, 1606811975.3704064, 1606811975.426855, 1606811975.481919, 1606811975.537449, 1606811975.5946848, 1606811975.6437218, 1606811975.7004344, 1606811975.7770658, 1606811975.8401747, 1606811975.8940966, 1606811975.9425945, 1606811975.987221, 1606811976.038622, 1606811976.089914, 1606811976.141483, 1606811976.1930516, 1606811976.2444248, 1606811976.2955503, 1606811976.3467314, 1606811976.3978739, 1606811976.4492357, 1606811976.5008218, 1606811976.55279, 1606811976.604657, 1606811976.6490743, 1606811976.7005668, 1606811976.7520368, 1606811979.0046885, 1606811979.1566126, 1606811979.2069654, 1606811979.258567, 1606811979.310176, 1606811979.3621137, 1606811979.4136398, 1606811979.4654565, 1606811979.5224555, 1606811979.6018121, 1606811979.653585, 1606811979.7052934, 1606811979.757247, 1606811979.8093421, 1606811979.8612566, 1606811979.9133785, 1606811979.9617882, 1606811980.0133572, 1606811980.0609999, 1606811980.1105108, 1606811980.162159, 1606811980.2139876, 1606811980.2654235, 1606811980.317554, 1606811980.370425, 1606811980.4226136, 1606811980.4747832, 1606811980.526985, 1606811980.579044, 1606811980.6578426, 1606811980.7100756, 1606811980.7578118, 1606811980.809373, 1606811980.8610697, 1606811980.910165, 1606811980.9617467], "episode_lengths": [200, 200, 200, 200, 200, 200, 155, 200, 200, 200, 194, 200, 200, 162, 200, 200, 200, 200, 200, 200, 200, 200, 200, 148, 200, 200, 200, 200, 200, 200, 200, 200, 200, 200, 200, 200, 200, 200, 200, 200, 200, 200, 186, 200, 186, 200, 200, 171, 165, 200, 200, 200, 200, 200, 200, 200, 200, 200, 200, 200, 200, 172, 200, 200, 200, 200, 193, 200, 200, 200, 200, 200, 200, 200, 200, 200, 200, 200, 200, 200, 187, 200, 185, 192, 200, 200, 200, 200, 200, 200, 200, 200, 200, 200, 200, 184, 200, 200, 190, 200], "episode_rewards": [200.0, 200.0, 200.0, 200.0, 200.0, 200.0, 155.0, 200.0, 200.0, 200.0, 194.0, 200.0, 200.0, 162.0, 200.0, 200.0, 200.0, 200.0, 200.0, 200.0, 200.0, 200.0, 200.0, 148.0, 200.0, 200.0, 200.0, 200.0, 200.0, 200.0, 200.0, 200.0, 200.0, 200.0, 200.0, 200.0, 200.0, 200.0, 200.0, 200.0, 200.0, 200.0, 186.0, 200.0, 186.0, 200.0, 200.0, 171.0, 165.0, 200.0, 200.0, 200.0, 200.0, 200.0, 200.0, 200.0, 200.0, 200.0, 200.0, 200.0, 200.0, 172.0, 200.0, 200.0, 200.0, 200.0, 193.0, 200.0, 200.0, 200.0, 200.0, 200.0, 200.0, 200.0, 200.0, 200.0, 200.0, 200.0, 200.0, 200.0, 187.0, 200.0, 185.0, 192.0, 200.0, 200.0, 200.0, 200.0, 200.0, 200.0, 200.0, 200.0, 200.0, 200.0, 200.0, 184.0, 200.0, 200.0, 190.0, 200.0], "episode_types": ["t", "t", "t", "t", "t", "t", "t", "t", "t", "t", "t", "t", "t", "t", "t", "t", "t", "t", "t", "t", "t", "t", "t", "t", "t", "t", "t", "t", "t", "t", "t", "t", "t", "t", "t", "t", "t", "t", "t", "t", "t", "t", "t", "t", "t", "t", "t", "t", "t", "t", "t", "t", "t", "t", "t", "t", "t", "t", "t", "t", "t", "t", "t", "t", "t", "t", "t", "t", "t", "t", "t", "t", "t", "t", "t", "t", "t", "t", "t", "t", "t", "t", "t", "t", "t", "t", "t", "t", "t", "t", "t", "t", "t", "t", "t", "t", "t", "t", "t", "t"]}